 ID,PARAM,dateTime,Jean-Lesage,SYM
02TC003,1,2025/01/01,1340,
02TC003,1,2025/01/02,1100,
02TC003,1,2025/01/03,1400,
02TC003,1,2025/01/04,1440,
02TC003,1,2025/01/05,1470,
02TC003,1,2025/01/06,1450,
02TC003,1,2025/01/07,1460,
02TC003,1,2025/01/08,1450,
02TC003,1,2025/01/09,1460,
02TC003,1,2025/01/10,1460,
02TC003,1,2025/01/11,1450,
02TC003,1,2025/01/12,1450,
02TC003,1,2025/01/13,1440,
02TC003,1,2025/01/14,1450,
02TC003,1,2025/01/15,1460,
02TC003,1,2025/01/16,1460,
02TC003,1,2025/01/17,1450,
02TC003,1,2025/01/18,1450,
02TC003,1,2025/01/19,1450,
02TC003,1,2025/01/20,1440,
02TC003,1,2025/01/21,1520,
02TC003,1,2025/01/22,1500,
02TC003,1,2025/01/23,1480,
02TC003,1,2025/01/24,1470,
02TC003,1,2025/01/25,1450,
02TC003,1,2025/01/26,1440,
02TC003,1,2025/01/27,1450,
02TC003,1,2025/01/28,1440,
02TC003,1,2025/01/29,1450,
02TC003,1,2025/01/30,1460,
02TC003,1,2025/01/31,1460,
02TC003,1,2025/02/01,1450,
02TC003,1,2025/02/02,1430,
02TC003,1,2025/02/03,1460,
02TC003,1,2025/02/04,1460,
02TC003,1,2025/02/05,1450,
02TC003,1,2025/02/06,1430,
02TC003,1,2025/02/07,1430,
02TC003,1,2025/02/08,1460,
02TC003,1,2025/02/09,1460,
02TC003,1,2025/02/10,1460,
02TC003,1,2025/02/11,1460,
02TC003,1,2025/02/12,1460,
02TC003,1,2025/02/13,1450,
02TC003,1,2025/02/14,1340,
02TC003,1,2025/02/15,1450,
02TC003,1,2025/02/16,1460,
02TC003,1,2025/02/17,1450,
02TC003,1,2025/02/18,1420,
02TC003,1,2025/02/19,1440,
02TC003,1,2025/02/20,1030,
02TC003,1,2025/02/21,1220,
02TC003,1,2025/02/22,1240,
02TC003,1,2025/02/23,1450,
02TC003,1,2025/02/24,1460,
02TC003,1,2025/02/25,1440,
02TC003,1,2025/02/26,1290,
02TC003,1,2025/02/27,1450,
02TC003,1,2025/02/28,1410,
02TC003,1,2025/03/01,1380,
02TC003,1,2025/03/02,1430,
02TC003,1,2025/03/03,1440,
02TC003,1,2025/03/04,1440,
02TC003,1,2025/03/05,1430,
02TC003,1,2025/03/06,1390,
02TC003,1,2025/03/07,1370,
02TC003,1,2025/03/08,1110,
02TC003,1,2025/03/09,1430,
02TC003,1,2025/03/10,1420,
02TC003,1,2025/03/11,1430,
02TC003,1,2025/03/12,1430,
02TC003,1,2025/03/13,1430,
02TC003,1,2025/03/14,1430,
02TC003,1,2025/03/15,1440,
02TC003,1,2025/03/16,1430,
02TC003,1,2025/03/17,1440,
02TC003,1,2025/03/18,1440,
02TC003,1,2025/03/19,1440,
02TC003,1,2025/03/20,1440,
02TC003,1,2025/03/21,1450,
02TC003,1,2025/03/22,1450,
02TC003,1,2025/03/23,1310,
02TC003,1,2025/03/24,1250,
02TC003,1,2025/03/25,1260,
02TC003,1,2025/03/26,1260,
02TC003,1,2025/03/27,1270,
02TC003,1,2025/03/28,1430,
02TC003,1,2025/03/29,1420,
02TC003,1,2025/03/30,1400,
02TC003,1,2025/03/31,1440,
02TC003,1,2025/04/01,1450,
02TC003,1,2025/04/02,1420,
02TC003,1,2025/04/03,1420,
02TC003,1,2025/04/04,1300,
02TC003,1,2025/04/05,1190,
02TC003,1,2025/04/06,1260,
02TC003,1,2025/04/07,1260,
02TC003,1,2025/04/08,1260,
02TC003,1,2025/04/09,1260,
02TC003,1,2025/04/10,1270,
02TC003,1,2025/04/11,1260,
02TC003,1,2025/04/12,1260,
02TC003,1,2025/04/13,1270,
02TC003,1,2025/04/14,1270,
02TC003,1,2025/04/15,1270,
02TC003,1,2025/04/16,1150,
02TC003,1,2025/04/17,1130,
02TC003,1,2025/04/18,1080,
02TC003,1,2025/04/19,1070,
02TC003,1,2025/04/20,1080,
02TC003,1,2025/04/21,1070,
02TC003,1,2025/04/22,1020,
02TC003,1,2025/04/23,1080,
02TC003,1,2025/04/24,1010,
02TC003,1,2025/04/25,1070,
02TC003,1,2025/04/26,1150,
02TC003,1,2025/04/27,1270,
02TC003,1,2025/04/28,1240,
02TC003,1,2025/04/29,1170,
02TC003,1,2025/04/30,1050,
02TC003,1,2025/05/01,1100,
02TC003,1,2025/05/02,1160,
02TC003,1,2025/05/03,1100,
02TC003,1,2025/05/04,1110,
02TC003,1,2025/05/05,892,
02TC003,1,2025/05/06,970,
02TC003,1,2025/05/07,1100,
02TC003,1,2025/05/08,1180,
02TC003,1,2025/05/09,1160,
02TC003,1,2025/05/10,1130,
02TC003,1,2025/05/11,1100,
02TC003,1,2025/05/12,1160,
02TC003,1,2025/05/13,1200,
02TC003,1,2025/05/14,1100,
02TC003,1,2025/05/15,1130,
02TC003,1,2025/05/16,1120,
02TC003,1,2025/05/17,1200,
02TC003,1,2025/05/18,1050,
02TC003,1,2025/05/19,1080,
02TC003,1,2025/05/20,1130,
02TC003,1,2025/05/21,1110,
02TC003,1,2025/05/22,1090,
02TC003,1,2025/05/23,783,
02TC003,1,2025/05/24,969,
02TC003,1,2025/05/25,1050,
02TC003,1,2025/05/26,1140,
02TC003,1,2025/05/27,1140,
02TC003,1,2025/05/28,779,
02TC003,1,2025/05/29,724,
02TC003,1,2025/05/30,820,
02TC003,1,2025/05/31,860,
02TC003,1,2025/06/01,834,
02TC003,1,2025/06/02,643,
02TC003,1,2025/06/03,556,
02TC003,1,2025/06/04,536,
02TC003,1,2025/06/05,360,
02TC003,1,2025/06/06,625,
02TC003,1,2025/06/07,733,
02TC003,1,2025/06/08,732,
02TC003,1,2025/06/09,605,
02TC003,1,2025/06/10,1080,
02TC003,1,2025/06/11,805,
02TC003,1,2025/06/12,801,
02TC003,1,2025/06/13,949,
02TC003,1,2025/06/14,985,
02TC003,1,2025/06/15,866,
02TC003,1,2025/06/16,996,
02TC003,1,2025/06/17,1020,
02TC003,1,2025/06/18,1000,
02TC003,1,2025/06/19,918,
02TC003,1,2025/06/20,918,
02TC003,1,2025/06/21,970,
02TC003,1,2025/06/22,976,
02TC003,1,2025/06/23,970,
02TC003,1,2025/06/24,908,
02TC003,1,2025/06/25,746,
02TC003,1,2025/06/26,726,
02TC003,1,2025/06/27,811,
02TC003,1,2025/06/28,1000,
02TC003,1,2025/06/29,1120,
02TC003,1,2025/06/30,1100,
02TC003,1,2025/07/01,1170,
02TC003,1,2025/07/02,1120,
02TC003,1,2025/07/03,999,
02TC003,1,2025/07/04,1130,
02TC003,1,2025/07/05,927,
02TC003,1,2025/07/06,902,
02TC003,1,2025/07/07,1150,
02TC003,1,2025/07/08,1260,
02TC003,1,2025/07/09,979,
02TC003,1,2025/07/10,1030,
02TC003,1,2025/07/11,1110,
02TC003,1,2025/07/12,1120,
02TC003,1,2025/07/13,1130,
02TC003,1,2025/07/14,1120,
02TC003,1,2025/07/15,972,
02TC003,1,2025/07/16,1030,
02TC003,1,2025/07/17,1070,
02TC003,1,2025/07/18,927,
02TC003,1,2025/07/19,952,
02TC003,1,2025/07/20,775,
02TC003,1,2025/07/21,1080,
02TC003,1,2025/07/22,1010,
02TC003,1,2025/07/23,872,
02TC003,1,2025/07/24,884,
02TC003,1,2025/07/25,1020,
02TC003,1,2025/07/26,1000,
02TC003,1,2025/07/27,949,
02TC003,1,2025/07/28,1020,
02TC003,1,2025/07/29,923,
02TC003,1,2025/07/30,568,
02TC003,1,2025/07/31,740,
02TC003,1,2025/08/01,913,
02TC003,1,2025/08/02,1010,
02TC003,1,2025/08/03,803,
02TC003,1,2025/08/04,883,
02TC003,1,2025/08/05,1080,
02TC003,1,2025/08/06,744,
02TC003,1,2025/08/07,653,
02TC003,1,2025/08/08,978,
02TC003,1,2025/08/09,1080,
02TC003,1,2025/08/10,1180,
02TC003,1,2025/08/11,1100,
02TC003,1,2025/08/12,1080,
02TC003,1,2025/08/13,923,
02TC003,1,2025/08/14,831,
02TC003,1,2025/08/15,890,
02TC003,1,2025/08/16,1030,
02TC003,1,2025/08/17,1060,
02TC003,1,2025/08/18,1060,
02TC003,1,2025/08/19,1030,
02TC003,1,2025/08/20,952,
02TC003,1,2025/08/21,810,
02TC003,1,2025/08/22,844,
02TC003,1,2025/08/23,960,
02TC003,1,2025/08/24,973,
02TC003,1,2025/08/25,962,
02TC003,1,2025/08/26,982,
02TC003,1,2025/08/27,1010,
02TC003,1,2025/08/28,891,
02TC003,1,2025/08/29,978,
02TC003,1,2025/08/30,1010,
02TC003,1,2025/08/31,950,
02TC003,1,2025/09/01,1000,
02TC003,1,2025/09/02,1020,
02TC003,1,2025/09/03,932,
02TC003,1,2025/09/04,573,
02TC003,1,2025/09/05,797,
02TC003,1,2025/09/06,905,
02TC003,1,2025/09/07,953,
02TC003,1,2025/09/08,962,
02TC003,1,2025/09/09,1020,
02TC003,1,2025/09/10,1060,
02TC003,1,2025/09/11,948,
02TC003,1,2025/09/12,891,
02TC003,1,2025/09/13,1040,
02TC003,1,2025/09/14,934,
02TC003,1,2025/09/15,850,
02TC003,1,2025/09/16,926,
02TC003,1,2025/09/17,879,
02TC003,1,2025/09/18,638,
02TC003,1,2025/09/19,809,
02TC003,1,2025/09/20,1020,
02TC003,1,2025/09/21,1040,
02TC003,1,2025/09/22,1040,
02TC003,1,2025/09/23,895,
02TC003,1,2025/09/24,959,
02TC003,1,2025/09/25,778,
02TC003,1,2025/09/26,1070,
02TC003,1,2025/09/27,768,
02TC003,1,2025/09/28,943,
02TC003,1,2025/09/29,958,
02TC003,1,2025/09/30,1050,
02TC003,1,2025/10/01,1020,
02TC003,1,2025/10/02,932,
02TC003,1,2025/10/03,1220,
02TC003,1,2025/10/04,1060,
02TC003,1,2025/10/05,1050,
02TC003,1,2025/10/06,1030,
02TC003,1,2025/10/07,1000,
02TC003,1,2025/10/08,852,
02TC003,1,2025/10/09,863,
02TC003,1,2025/10/10,1100,
02TC003,1,2025/10/11,1050,
02TC003,1,2025/10/12,1020,
02TC003,1,2025/10/13,854,
02TC003,1,2025/10/14,974,
02TC003,1,2025/10/15,895,
02TC003,1,2025/10/16,867,
02TC003,1,2025/10/17,958,
02TC003,1,2025/10/18,894,
02TC003,1,2025/10/19,1030,
02TC003,1,2025/10/20,954,
02TC003,1,2025/10/21,759,
02TC003,1,2025/10/22,1050,
02TC003,1,2025/10/23,880,
02TC003,1,2025/10/24,975,
02TC003,1,2025/10/25,906,
02TC003,1,2025/10/26,945,
02TC003,1,2025/10/27,1010,
02TC003,1,2025/10/28,1010,
02TC003,1,2025/10/29,582,
02TC003,1,2025/10/30,734,
02TC003,1,2025/10/31,940,
02TC003,1,2025/11/01,923,
02TC003,1,2025/11/02,1110,
02TC003,1,2025/11/03,976,
02TC003,1,2025/11/04,944,
02TC003,1,2025/11/05,843,
02TC003,1,2025/11/06,1010,
02TC003,1,2025/11/07,1070,
02TC003,1,2025/11/08,1060,
02TC003,1,2025/11/09,1090,
02TC003,1,2025/11/10,1110,
02TC003,1,2025/11/11,1150,
02TC003,1,2025/11/12,902,
02TC003,1,2025/11/13,697,
02TC003,1,2025/11/14,903,
02TC003,1,2025/11/15,790,
02TC003,1,2025/11/16,831,
02TC003,1,2025/11/17,954,
02TC003,1,2025/11/18,820,
02TC003,1,2025/11/19,784,
02TC003,1,2025/11/20,782,
02TC003,1,2025/11/21,836,
02TC003,1,2025/11/22,941,
02TC003,1,2025/11/23,1060,
02TC003,1,2025/11/24,1200,
02TC003,1,2025/11/25,1030,
02TC003,1,2025/11/26,1000,
02TC003,1,2025/11/27,1220,
02TC003,1,2025/11/28,1220,
02TC003,1,2025/11/29,1110,
02TC003,1,2025/11/30,1130,
02TC003,1,2025/12/01,1150,
02TC003,1,2025/12/02,1110,
02TC003,1,2025/12/03,885,
02TC003,1,2025/12/04,836,
02TC003,1,2025/12/05,851,
02TC003,1,2025/12/06,781,
02TC003,1,2025/12/07,1020,
02TC003,1,2025/12/08,1180,
02TC003,1,2025/12/09,1060,
02TC003,1,2025/12/10,1160,
02TC003,1,2025/12/11,1260,
02TC003,1,2025/12/12,1290,
02TC003,1,2025/12/13,1360,
02TC003,1,2025/12/14,1430,
02TC003,1,2025/12/15,1370,
02TC003,1,2025/12/16,1410,
02TC003,1,2025/12/17,1180,
02TC003,1,2025/12/18,677,
02TC003,1,2025/12/19,1040,
02TC003,1,2025/12/20,1040,
02TC003,1,2025/12/21,685,
02TC003,1,2025/12/22,739,
02TC003,1,2025/12/23,895,
02TC003,1,2025/12/24,745,
02TC003,1,2025/12/25,622,
02TC003,1,2025/12/26,800,
02TC003,1,2025/12/27,949,
02TC003,1,2025/12/28,475,
02TC003,1,2025/12/29,1040,
02TC003,1,2025/12/30,1110,
02TC003,1,2025/12/31,935,
02TC003,1,2035/01/01,1340,
02TC003,1,2035/01/02,1100,
02TC003,1,2035/01/03,1400,
02TC003,1,2035/01/04,1440,
02TC003,1,2035/01/05,1470,
02TC003,1,2035/01/06,1450,
02TC003,1,2035/01/07,1460,
02TC003,1,2035/01/08,1450,
02TC003,1,2035/01/09,1460,
02TC003,1,2035/01/10,1460,
02TC003,1,2035/01/11,1450,
02TC003,1,2035/01/12,1450,
02TC003,1,2035/01/13,1440,
02TC003,1,2035/01/14,1450,
02TC003,1,2035/01/15,1460,
02TC003,1,2035/01/16,1460,
02TC003,1,2035/01/17,1450,
02TC003,1,2035/01/18,1450,
02TC003,1,2035/01/19,1450,
02TC003,1,2035/01/20,1440,
02TC003,1,2035/01/21,1520,
02TC003,1,2035/01/22,1500,
02TC003,1,2035/01/23,1480,
02TC003,1,2035/01/24,1470,
02TC003,1,2035/01/25,1450,
02TC003,1,2035/01/26,1440,
02TC003,1,2035/01/27,1450,
02TC003,1,2035/01/28,1440,
02TC003,1,2035/01/29,1450,
02TC003,1,2035/01/30,1460,
02TC003,1,2035/01/31,1460,
02TC003,1,2035/02/01,1450,
02TC003,1,2035/02/02,1430,
02TC003,1,2035/02/03,1460,
02TC003,1,2035/02/04,1460,
02TC003,1,2035/02/05,1450,
02TC003,1,2035/02/06,1430,
02TC003,1,2035/02/07,1430,
02TC003,1,2035/02/08,1460,
02TC003,1,2035/02/09,1460,
02TC003,1,2035/02/10,1460,
02TC003,1,2035/02/11,1460,
02TC003,1,2035/02/12,1460,
02TC003,1,2035/02/13,1450,
02TC003,1,2035/02/14,1340,
02TC003,1,2035/02/15,1450,
02TC003,1,2035/02/16,1460,
02TC003,1,2035/02/17,1450,
02TC003,1,2035/02/18,1420,
02TC003,1,2035/02/19,1440,
02TC003,1,2035/02/20,1030,
02TC003,1,2035/02/21,1220,
02TC003,1,2035/02/22,1240,
02TC003,1,2035/02/23,1450,
02TC003,1,2035/02/24,1460,
02TC003,1,2035/02/25,1440,
02TC003,1,2035/02/26,1290,
02TC003,1,2035/02/27,1450,
02TC003,1,2035/02/28,1410,
02TC003,1,2035/03/01,1380,
02TC003,1,2035/03/02,1430,
02TC003,1,2035/03/03,1440,
02TC003,1,2035/03/04,1440,
02TC003,1,2035/03/05,1430,
02TC003,1,2035/03/06,1390,
02TC003,1,2035/03/07,1370,
02TC003,1,2035/03/08,1110,
02TC003,1,2035/03/09,1430,
02TC003,1,2035/03/10,1420,
02TC003,1,2035/03/11,1430,
02TC003,1,2035/03/12,1430,
02TC003,1,2035/03/13,1430,
02TC003,1,2035/03/14,1430,
02TC003,1,2035/03/15,1440,
02TC003,1,2035/03/16,1430,
02TC003,1,2035/03/17,1440,
02TC003,1,2035/03/18,1440,
02TC003,1,2035/03/19,1440,
02TC003,1,2035/03/20,1440,
02TC003,1,2035/03/21,1450,
02TC003,1,2035/03/22,1450,
02TC003,1,2035/03/23,1310,
02TC003,1,2035/03/24,1250,
02TC003,1,2035/03/25,1260,
02TC003,1,2035/03/26,1260,
02TC003,1,2035/03/27,1270,
02TC003,1,2035/03/28,1430,
02TC003,1,2035/03/29,1420,
02TC003,1,2035/03/30,1400,
02TC003,1,2035/03/31,1440,
02TC003,1,2035/04/01,1450,
02TC003,1,2035/04/02,1420,
02TC003,1,2035/04/03,1420,
02TC003,1,2035/04/04,1300,
02TC003,1,2035/04/05,1190,
02TC003,1,2035/04/06,1260,
02TC003,1,2035/04/07,1260,
02TC003,1,2035/04/08,1260,
02TC003,1,2035/04/09,1260,
02TC003,1,2035/04/10,1270,
02TC003,1,2035/04/11,1260,
02TC003,1,2035/04/12,1260,
02TC003,1,2035/04/13,1270,
02TC003,1,2035/04/14,1270,
02TC003,1,2035/04/15,1270,
02TC003,1,2035/04/16,1150,
02TC003,1,2035/04/17,1130,
02TC003,1,2035/04/18,1080,
02TC003,1,2035/04/19,1070,
02TC003,1,2035/04/20,1080,
02TC003,1,2035/04/21,1070,
02TC003,1,2035/04/22,1020,
02TC003,1,2035/04/23,1080,
02TC003,1,2035/04/24,1010,
02TC003,1,2035/04/25,1070,
02TC003,1,2035/04/26,1150,
02TC003,1,2035/04/27,1270,
02TC003,1,2035/04/28,1240,
02TC003,1,2035/04/29,1170,
02TC003,1,2035/04/30,1050,
02TC003,1,2035/05/01,1100,
02TC003,1,2035/05/02,1160,
02TC003,1,2035/05/03,1100,
02TC003,1,2035/05/04,1110,
02TC003,1,2035/05/05,892,
02TC003,1,2035/05/06,970,
02TC003,1,2035/05/07,1100,
02TC003,1,2035/05/08,1180,
02TC003,1,2035/05/09,1160,
02TC003,1,2035/05/10,1130,
02TC003,1,2035/05/11,1100,
02TC003,1,2035/05/12,1160,
02TC003,1,2035/05/13,1200,
02TC003,1,2035/05/14,1100,
02TC003,1,2035/05/15,1130,
02TC003,1,2035/05/16,1120,
02TC003,1,2035/05/17,1200,
02TC003,1,2035/05/18,1050,
02TC003,1,2035/05/19,1080,
02TC003,1,2035/05/20,1130,
02TC003,1,2035/05/21,1110,
02TC003,1,2035/05/22,1090,
02TC003,1,2035/05/23,783,
02TC003,1,2035/05/24,969,
02TC003,1,2035/05/25,1050,
02TC003,1,2035/05/26,1140,
02TC003,1,2035/05/27,1140,
02TC003,1,2035/05/28,779,
02TC003,1,2035/05/29,724,
02TC003,1,2035/05/30,820,
02TC003,1,2035/05/31,860,
02TC003,1,2035/06/01,834,
02TC003,1,2035/06/02,643,
02TC003,1,2035/06/03,556,
02TC003,1,2035/06/04,536,
02TC003,1,2035/06/05,360,
02TC003,1,2035/06/06,625,
02TC003,1,2035/06/07,733,
02TC003,1,2035/06/08,732,
02TC003,1,2035/06/09,605,
02TC003,1,2035/06/10,1080,
02TC003,1,2035/06/11,805,
02TC003,1,2035/06/12,801,
02TC003,1,2035/06/13,949,
02TC003,1,2035/06/14,985,
02TC003,1,2035/06/15,866,
02TC003,1,2035/06/16,996,
02TC003,1,2035/06/17,1020,
02TC003,1,2035/06/18,1000,
02TC003,1,2035/06/19,918,
02TC003,1,2035/06/20,918,
02TC003,1,2035/06/21,970,
02TC003,1,2035/06/22,976,
02TC003,1,2035/06/23,970,
02TC003,1,2035/06/24,908,
02TC003,1,2035/06/25,746,
02TC003,1,2035/06/26,726,
02TC003,1,2035/06/27,811,
02TC003,1,2035/06/28,1000,
02TC003,1,2035/06/29,1120,
02TC003,1,2035/06/30,1100,
02TC003,1,2035/07/01,1170,
02TC003,1,2035/07/02,1120,
02TC003,1,2035/07/03,999,
02TC003,1,2035/07/04,1130,
02TC003,1,2035/07/05,927,
02TC003,1,2035/07/06,902,
02TC003,1,2035/07/07,1150,
02TC003,1,2035/07/08,1260,
02TC003,1,2035/07/09,979,
02TC003,1,2035/07/10,1030,
02TC003,1,2035/07/11,1110,
02TC003,1,2035/07/12,1120,
02TC003,1,2035/07/13,1130,
02TC003,1,2035/07/14,1120,
02TC003,1,2035/07/15,972,
02TC003,1,2035/07/16,1030,
02TC003,1,2035/07/17,1070,
02TC003,1,2035/07/18,927,
02TC003,1,2035/07/19,952,
02TC003,1,2035/07/20,775,
02TC003,1,2035/07/21,1080,
02TC003,1,2035/07/22,1010,
02TC003,1,2035/07/23,872,
02TC003,1,2035/07/24,884,
02TC003,1,2035/07/25,1020,
02TC003,1,2035/07/26,1000,
02TC003,1,2035/07/27,949,
02TC003,1,2035/07/28,1020,
02TC003,1,2035/07/29,923,
02TC003,1,2035/07/30,568,
02TC003,1,2035/07/31,740,
02TC003,1,2035/08/01,913,
02TC003,1,2035/08/02,1010,
02TC003,1,2035/08/03,803,
02TC003,1,2035/08/04,883,
02TC003,1,2035/08/05,1080,
02TC003,1,2035/08/06,744,
02TC003,1,2035/08/07,653,
02TC003,1,2035/08/08,978,
02TC003,1,2035/08/09,1080,
02TC003,1,2035/08/10,1180,
02TC003,1,2035/08/11,1100,
02TC003,1,2035/08/12,1080,
02TC003,1,2035/08/13,923,
02TC003,1,2035/08/14,831,
02TC003,1,2035/08/15,890,
02TC003,1,2035/08/16,1030,
02TC003,1,2035/08/17,1060,
02TC003,1,2035/08/18,1060,
02TC003,1,2035/08/19,1030,
02TC003,1,2035/08/20,952,
02TC003,1,2035/08/21,810,
02TC003,1,2035/08/22,844,
02TC003,1,2035/08/23,960,
02TC003,1,2035/08/24,973,
02TC003,1,2035/08/25,962,
02TC003,1,2035/08/26,982,
02TC003,1,2035/08/27,1010,
02TC003,1,2035/08/28,891,
02TC003,1,2035/08/29,978,
02TC003,1,2035/08/30,1010,
02TC003,1,2035/08/31,950,
02TC003,1,2035/09/01,1000,
02TC003,1,2035/09/02,1020,
02TC003,1,2035/09/03,932,
02TC003,1,2035/09/04,573,
02TC003,1,2035/09/05,797,
02TC003,1,2035/09/06,905,
02TC003,1,2035/09/07,953,
02TC003,1,2035/09/08,962,
02TC003,1,2035/09/09,1020,
02TC003,1,2035/09/10,1060,
02TC003,1,2035/09/11,948,
02TC003,1,2035/09/12,891,
02TC003,1,2035/09/13,1040,
02TC003,1,2035/09/14,934,
02TC003,1,2035/09/15,850,
02TC003,1,2035/09/16,926,
02TC003,1,2035/09/17,879,
02TC003,1,2035/09/18,638,
02TC003,1,2035/09/19,809,
02TC003,1,2035/09/20,1020,
02TC003,1,2035/09/21,1040,
02TC003,1,2035/09/22,1040,
02TC003,1,2035/09/23,895,
02TC003,1,2035/09/24,959,
02TC003,1,2035/09/25,778,
02TC003,1,2035/09/26,1070,
02TC003,1,2035/09/27,768,
02TC003,1,2035/09/28,943,
02TC003,1,2035/09/29,958,
02TC003,1,2035/09/30,1050,
02TC003,1,2035/10/01,1020,
02TC003,1,2035/10/02,932,
02TC003,1,2035/10/03,1220,
02TC003,1,2035/10/04,1060,
02TC003,1,2035/10/05,1050,
02TC003,1,2035/10/06,1030,
02TC003,1,2035/10/07,1000,
02TC003,1,2035/10/08,852,
02TC003,1,2035/10/09,863,
02TC003,1,2035/10/10,1100,
02TC003,1,2035/10/11,1050,
02TC003,1,2035/10/12,1020,
02TC003,1,2035/10/13,854,
02TC003,1,2035/10/14,974,
02TC003,1,2035/10/15,895,
02TC003,1,2035/10/16,867,
02TC003,1,2035/10/17,958,
02TC003,1,2035/10/18,894,
02TC003,1,2035/10/19,1030,
02TC003,1,2035/10/20,954,
02TC003,1,2035/10/21,759,
02TC003,1,2035/10/22,1050,
02TC003,1,2035/10/23,880,
02TC003,1,2035/10/24,975,
02TC003,1,2035/10/25,906,
02TC003,1,2035/10/26,945,
02TC003,1,2035/10/27,1010,
02TC003,1,2035/10/28,1010,
02TC003,1,2035/10/29,582,
02TC003,1,2035/10/30,734,
02TC003,1,2035/10/31,940,
02TC003,1,2035/11/01,923,
02TC003,1,2035/11/02,1110,
02TC003,1,2035/11/03,976,
02TC003,1,2035/11/04,944,
02TC003,1,2035/11/05,843,
02TC003,1,2035/11/06,1010,
02TC003,1,2035/11/07,1070,
02TC003,1,2035/11/08,1060,
02TC003,1,2035/11/09,1090,
02TC003,1,2035/11/10,1110,
02TC003,1,2035/11/11,1150,
02TC003,1,2035/11/12,902,
02TC003,1,2035/11/13,697,
02TC003,1,2035/11/14,903,
02TC003,1,2035/11/15,790,
02TC003,1,2035/11/16,831,
02TC003,1,2035/11/17,954,
02TC003,1,2035/11/18,820,
02TC003,1,2035/11/19,784,
02TC003,1,2035/11/20,782,
02TC003,1,2035/11/21,836,
02TC003,1,2035/11/22,941,
02TC003,1,2035/11/23,1060,
02TC003,1,2035/11/24,1200,
02TC003,1,2035/11/25,1030,
02TC003,1,2035/11/26,1000,
02TC003,1,2035/11/27,1220,
02TC003,1,2035/11/28,1220,
02TC003,1,2035/11/29,1110,
02TC003,1,2035/11/30,1130,
02TC003,1,2035/12/01,1150,
02TC003,1,2035/12/02,1110,
02TC003,1,2035/12/03,885,
02TC003,1,2035/12/04,836,
02TC003,1,2035/12/05,851,
02TC003,1,2035/12/06,781,
02TC003,1,2035/12/07,1020,
02TC003,1,2035/12/08,1180,
02TC003,1,2035/12/09,1060,
02TC003,1,2035/12/10,1160,
02TC003,1,2035/12/11,1260,
02TC003,1,2035/12/12,1290,
02TC003,1,2035/12/13,1360,
02TC003,1,2035/12/14,1430,
02TC003,1,2035/12/15,1370,
02TC003,1,2035/12/16,1410,
02TC003,1,2035/12/17,1180,
02TC003,1,2035/12/18,677,
02TC003,1,2035/12/19,1040,
02TC003,1,2035/12/20,1040,
02TC003,1,2035/12/21,685,
02TC003,1,2035/12/22,739,
02TC003,1,2035/12/23,895,
02TC003,1,2035/12/24,745,
02TC003,1,2035/12/25,622,
02TC003,1,2035/12/26,800,
02TC003,1,2035/12/27,949,
02TC003,1,2035/12/28,475,
02TC003,1,2035/12/29,1040,
02TC003,1,2035/12/30,1110,
02TC003,1,2035/12/31,935,
02TC003,1,2050/01/01,1340,
02TC003,1,2050/01/02,1100,
02TC003,1,2050/01/03,1400,
02TC003,1,2050/01/04,1440,
02TC003,1,2050/01/05,1470,
02TC003,1,2050/01/06,1450,
02TC003,1,2050/01/07,1460,
02TC003,1,2050/01/08,1450,
02TC003,1,2050/01/09,1460,
02TC003,1,2050/01/10,1460,
02TC003,1,2050/01/11,1450,
02TC003,1,2050/01/12,1450,
02TC003,1,2050/01/13,1440,
02TC003,1,2050/01/14,1450,
02TC003,1,2050/01/15,1460,
02TC003,1,2050/01/16,1460,
02TC003,1,2050/01/17,1450,
02TC003,1,2050/01/18,1450,
02TC003,1,2050/01/19,1450,
02TC003,1,2050/01/20,1440,
02TC003,1,2050/01/21,1520,
02TC003,1,2050/01/22,1500,
02TC003,1,2050/01/23,1480,
02TC003,1,2050/01/24,1470,
02TC003,1,2050/01/25,1450,
02TC003,1,2050/01/26,1440,
02TC003,1,2050/01/27,1450,
02TC003,1,2050/01/28,1440,
02TC003,1,2050/01/29,1450,
02TC003,1,2050/01/30,1460,
02TC003,1,2050/01/31,1460,
02TC003,1,2050/02/01,1450,
02TC003,1,2050/02/02,1430,
02TC003,1,2050/02/03,1460,
02TC003,1,2050/02/04,1460,
02TC003,1,2050/02/05,1450,
02TC003,1,2050/02/06,1430,
02TC003,1,2050/02/07,1430,
02TC003,1,2050/02/08,1460,
02TC003,1,2050/02/09,1460,
02TC003,1,2050/02/10,1460,
02TC003,1,2050/02/11,1460,
02TC003,1,2050/02/12,1460,
02TC003,1,2050/02/13,1450,
02TC003,1,2050/02/14,1340,
02TC003,1,2050/02/15,1450,
02TC003,1,2050/02/16,1460,
02TC003,1,2050/02/17,1450,
02TC003,1,2050/02/18,1420,
02TC003,1,2050/02/19,1440,
02TC003,1,2050/02/20,1030,
02TC003,1,2050/02/21,1220,
02TC003,1,2050/02/22,1240,
02TC003,1,2050/02/23,1450,
02TC003,1,2050/02/24,1460,
02TC003,1,2050/02/25,1440,
02TC003,1,2050/02/26,1290,
02TC003,1,2050/02/27,1450,
02TC003,1,2050/02/28,1410,
02TC003,1,2050/03/01,1380,
02TC003,1,2050/03/02,1430,
02TC003,1,2050/03/03,1440,
02TC003,1,2050/03/04,1440,
02TC003,1,2050/03/05,1430,
02TC003,1,2050/03/06,1390,
02TC003,1,2050/03/07,1370,
02TC003,1,2050/03/08,1110,
02TC003,1,2050/03/09,1430,
02TC003,1,2050/03/10,1420,
02TC003,1,2050/03/11,1430,
02TC003,1,2050/03/12,1430,
02TC003,1,2050/03/13,1430,
02TC003,1,2050/03/14,1430,
02TC003,1,2050/03/15,1440,
02TC003,1,2050/03/16,1430,
02TC003,1,2050/03/17,1440,
02TC003,1,2050/03/18,1440,
02TC003,1,2050/03/19,1440,
02TC003,1,2050/03/20,1440,
02TC003,1,2050/03/21,1450,
02TC003,1,2050/03/22,1450,
02TC003,1,2050/03/23,1310,
02TC003,1,2050/03/24,1250,
02TC003,1,2050/03/25,1260,
02TC003,1,2050/03/26,1260,
02TC003,1,2050/03/27,1270,
02TC003,1,2050/03/28,1430,
02TC003,1,2050/03/29,1420,
02TC003,1,2050/03/30,1400,
02TC003,1,2050/03/31,1440,
02TC003,1,2050/04/01,1450,
02TC003,1,2050/04/02,1420,
02TC003,1,2050/04/03,1420,
02TC003,1,2050/04/04,1300,
02TC003,1,2050/04/05,1190,
02TC003,1,2050/04/06,1260,
02TC003,1,2050/04/07,1260,
02TC003,1,2050/04/08,1260,
02TC003,1,2050/04/09,1260,
02TC003,1,2050/04/10,1270,
02TC003,1,2050/04/11,1260,
02TC003,1,2050/04/12,1260,
02TC003,1,2050/04/13,1270,
02TC003,1,2050/04/14,1270,
02TC003,1,2050/04/15,1270,
02TC003,1,2050/04/16,1150,
02TC003,1,2050/04/17,1130,
02TC003,1,2050/04/18,1080,
02TC003,1,2050/04/19,1070,
02TC003,1,2050/04/20,1080,
02TC003,1,2050/04/21,1070,
02TC003,1,2050/04/22,1020,
02TC003,1,2050/04/23,1080,
02TC003,1,2050/04/24,1010,
02TC003,1,2050/04/25,1070,
02TC003,1,2050/04/26,1150,
02TC003,1,2050/04/27,1270,
02TC003,1,2050/04/28,1240,
02TC003,1,2050/04/29,1170,
02TC003,1,2050/04/30,1050,
02TC003,1,2050/05/01,1100,
02TC003,1,2050/05/02,1160,
02TC003,1,2050/05/03,1100,
02TC003,1,2050/05/04,1110,
02TC003,1,2050/05/05,892,
02TC003,1,2050/05/06,970,
02TC003,1,2050/05/07,1100,
02TC003,1,2050/05/08,1180,
02TC003,1,2050/05/09,1160,
02TC003,1,2050/05/10,1130,
02TC003,1,2050/05/11,1100,
02TC003,1,2050/05/12,1160,
02TC003,1,2050/05/13,1200,
02TC003,1,2050/05/14,1100,
02TC003,1,2050/05/15,1130,
02TC003,1,2050/05/16,1120,
02TC003,1,2050/05/17,1200,
02TC003,1,2050/05/18,1050,
02TC003,1,2050/05/19,1080,
02TC003,1,2050/05/20,1130,
02TC003,1,2050/05/21,1110,
02TC003,1,2050/05/22,1090,
02TC003,1,2050/05/23,783,
02TC003,1,2050/05/24,969,
02TC003,1,2050/05/25,1050,
02TC003,1,2050/05/26,1140,
02TC003,1,2050/05/27,1140,
02TC003,1,2050/05/28,779,
02TC003,1,2050/05/29,724,
02TC003,1,2050/05/30,820,
02TC003,1,2050/05/31,860,
02TC003,1,2050/06/01,834,
02TC003,1,2050/06/02,643,
02TC003,1,2050/06/03,556,
02TC003,1,2050/06/04,536,
02TC003,1,2050/06/05,360,
02TC003,1,2050/06/06,625,
02TC003,1,2050/06/07,733,
02TC003,1,2050/06/08,732,
02TC003,1,2050/06/09,605,
02TC003,1,2050/06/10,1080,
02TC003,1,2050/06/11,805,
02TC003,1,2050/06/12,801,
02TC003,1,2050/06/13,949,
02TC003,1,2050/06/14,985,
02TC003,1,2050/06/15,866,
02TC003,1,2050/06/16,996,
02TC003,1,2050/06/17,1020,
02TC003,1,2050/06/18,1000,
02TC003,1,2050/06/19,918,
02TC003,1,2050/06/20,918,
02TC003,1,2050/06/21,970,
02TC003,1,2050/06/22,976,
02TC003,1,2050/06/23,970,
02TC003,1,2050/06/24,908,
02TC003,1,2050/06/25,746,
02TC003,1,2050/06/26,726,
02TC003,1,2050/06/27,811,
02TC003,1,2050/06/28,1000,
02TC003,1,2050/06/29,1120,
02TC003,1,2050/06/30,1100,
02TC003,1,2050/07/01,1170,
02TC003,1,2050/07/02,1120,
02TC003,1,2050/07/03,999,
02TC003,1,2050/07/04,1130,
02TC003,1,2050/07/05,927,
02TC003,1,2050/07/06,902,
02TC003,1,2050/07/07,1150,
02TC003,1,2050/07/08,1260,
02TC003,1,2050/07/09,979,
02TC003,1,2050/07/10,1030,
02TC003,1,2050/07/11,1110,
02TC003,1,2050/07/12,1120,
02TC003,1,2050/07/13,1130,
02TC003,1,2050/07/14,1120,
02TC003,1,2050/07/15,972,
02TC003,1,2050/07/16,1030,
02TC003,1,2050/07/17,1070,
02TC003,1,2050/07/18,927,
02TC003,1,2050/07/19,952,
02TC003,1,2050/07/20,775,
02TC003,1,2050/07/21,1080,
02TC003,1,2050/07/22,1010,
02TC003,1,2050/07/23,872,
02TC003,1,2050/07/24,884,
02TC003,1,2050/07/25,1020,
02TC003,1,2050/07/26,1000,
02TC003,1,2050/07/27,949,
02TC003,1,2050/07/28,1020,
02TC003,1,2050/07/29,923,
02TC003,1,2050/07/30,568,
02TC003,1,2050/07/31,740,
02TC003,1,2050/08/01,913,
02TC003,1,2050/08/02,1010,
02TC003,1,2050/08/03,803,
02TC003,1,2050/08/04,883,
02TC003,1,2050/08/05,1080,
02TC003,1,2050/08/06,744,
02TC003,1,2050/08/07,653,
02TC003,1,2050/08/08,978,
02TC003,1,2050/08/09,1080,
02TC003,1,2050/08/10,1180,
02TC003,1,2050/08/11,1100,
02TC003,1,2050/08/12,1080,
02TC003,1,2050/08/13,923,
02TC003,1,2050/08/14,831,
02TC003,1,2050/08/15,890,
02TC003,1,2050/08/16,1030,
02TC003,1,2050/08/17,1060,
02TC003,1,2050/08/18,1060,
02TC003,1,2050/08/19,1030,
02TC003,1,2050/08/20,952,
02TC003,1,2050/08/21,810,
02TC003,1,2050/08/22,844,
02TC003,1,2050/08/23,960,
02TC003,1,2050/08/24,973,
02TC003,1,2050/08/25,962,
02TC003,1,2050/08/26,982,
02TC003,1,2050/08/27,1010,
02TC003,1,2050/08/28,891,
02TC003,1,2050/08/29,978,
02TC003,1,2050/08/30,1010,
02TC003,1,2050/08/31,950,
02TC003,1,2050/09/01,1000,
02TC003,1,2050/09/02,1020,
02TC003,1,2050/09/03,932,
02TC003,1,2050/09/04,573,
02TC003,1,2050/09/05,797,
02TC003,1,2050/09/06,905,
02TC003,1,2050/09/07,953,
02TC003,1,2050/09/08,962,
02TC003,1,2050/09/09,1020,
02TC003,1,2050/09/10,1060,
02TC003,1,2050/09/11,948,
02TC003,1,2050/09/12,891,
02TC003,1,2050/09/13,1040,
02TC003,1,2050/09/14,934,
02TC003,1,2050/09/15,850,
02TC003,1,2050/09/16,926,
02TC003,1,2050/09/17,879,
02TC003,1,2050/09/18,638,
02TC003,1,2050/09/19,809,
02TC003,1,2050/09/20,1020,
02TC003,1,2050/09/21,1040,
02TC003,1,2050/09/22,1040,
02TC003,1,2050/09/23,895,
02TC003,1,2050/09/24,959,
02TC003,1,2050/09/25,778,
02TC003,1,2050/09/26,1070,
02TC003,1,2050/09/27,768,
02TC003,1,2050/09/28,943,
02TC003,1,2050/09/29,958,
02TC003,1,2050/09/30,1050,
02TC003,1,2050/10/01,1020,
02TC003,1,2050/10/02,932,
02TC003,1,2050/10/03,1220,
02TC003,1,2050/10/04,1060,
02TC003,1,2050/10/05,1050,
02TC003,1,2050/10/06,1030,
02TC003,1,2050/10/07,1000,
02TC003,1,2050/10/08,852,
02TC003,1,2050/10/09,863,
02TC003,1,2050/10/10,1100,
02TC003,1,2050/10/11,1050,
02TC003,1,2050/10/12,1020,
02TC003,1,2050/10/13,854,
02TC003,1,2050/10/14,974,
02TC003,1,2050/10/15,895,
02TC003,1,2050/10/16,867,
02TC003,1,2050/10/17,958,
02TC003,1,2050/10/18,894,
02TC003,1,2050/10/19,1030,
02TC003,1,2050/10/20,954,
02TC003,1,2050/10/21,759,
02TC003,1,2050/10/22,1050,
02TC003,1,2050/10/23,880,
02TC003,1,2050/10/24,975,
02TC003,1,2050/10/25,906,
02TC003,1,2050/10/26,945,
02TC003,1,2050/10/27,1010,
02TC003,1,2050/10/28,1010,
02TC003,1,2050/10/29,582,
02TC003,1,2050/10/30,734,
02TC003,1,2050/10/31,940,
02TC003,1,2050/11/01,923,
02TC003,1,2050/11/02,1110,
02TC003,1,2050/11/03,976,
02TC003,1,2050/11/04,944,
02TC003,1,2050/11/05,843,
02TC003,1,2050/11/06,1010,
02TC003,1,2050/11/07,1070,
02TC003,1,2050/11/08,1060,
02TC003,1,2050/11/09,1090,
02TC003,1,2050/11/10,1110,
02TC003,1,2050/11/11,1150,
02TC003,1,2050/11/12,902,
02TC003,1,2050/11/13,697,
02TC003,1,2050/11/14,903,
02TC003,1,2050/11/15,790,
02TC003,1,2050/11/16,831,
02TC003,1,2050/11/17,954,
02TC003,1,2050/11/18,820,
02TC003,1,2050/11/19,784,
02TC003,1,2050/11/20,782,
02TC003,1,2050/11/21,836,
02TC003,1,2050/11/22,941,
02TC003,1,2050/11/23,1060,
02TC003,1,2050/11/24,1200,
02TC003,1,2050/11/25,1030,
02TC003,1,2050/11/26,1000,
02TC003,1,2050/11/27,1220,
02TC003,1,2050/11/28,1220,
02TC003,1,2050/11/29,1110,
02TC003,1,2050/11/30,1130,
02TC003,1,2050/12/01,1150,
02TC003,1,2050/12/02,1110,
02TC003,1,2050/12/03,885,
02TC003,1,2050/12/04,836,
02TC003,1,2050/12/05,851,
02TC003,1,2050/12/06,781,
02TC003,1,2050/12/07,1020,
02TC003,1,2050/12/08,1180,
02TC003,1,2050/12/09,1060,
02TC003,1,2050/12/10,1160,
02TC003,1,2050/12/11,1260,
02TC003,1,2050/12/12,1290,
02TC003,1,2050/12/13,1360,
02TC003,1,2050/12/14,1430,
02TC003,1,2050/12/15,1370,
02TC003,1,2050/12/16,1410,
02TC003,1,2050/12/17,1180,
02TC003,1,2050/12/18,677,
02TC003,1,2050/12/19,1040,
02TC003,1,2050/12/20,1040,
02TC003,1,2050/12/21,685,
02TC003,1,2050/12/22,739,
02TC003,1,2050/12/23,895,
02TC003,1,2050/12/24,745,
02TC003,1,2050/12/25,622,
02TC003,1,2050/12/26,800,
02TC003,1,2050/12/27,949,
02TC003,1,2050/12/28,475,
02TC003,1,2050/12/29,1040,
02TC003,1,2050/12/30,1110,
02TC003,1,2050/12/31,935,